Workbook

Sheet Статистика по заявкам
A1: Дата | B1: id заявки | C1: Телефон клиента | D1: Дата выполнения | E1: Статус | F1: Ответственный | G1: Оценка
A2: 42845.861 | B2: 1111 | C2: 89111111111 | D2: 42848.861 | E2: Решено | F2: =VLOOKUP(B2,Заявки!$A$1:$B$247,2,0) -> Иванов | G2: =VLOOKUP(C2,Оценки!$A$1:$B$247,2,0) -> 4
A3: 42850.633 | B3: 1112 | C3: 89111111112 | D3: 42853.633 | E3: Решено | F3: =VLOOKUP(B3,Заявки!$A$1:$B$247,2,0) -> Петров | G3: =VLOOKUP(C3,Оценки!$A$1:$B$247,2,0) -> 5
A4: 42850.65 | B4: 1113 | C4: 89111111113 | D4: 42853.65 | E4: Решено | F4: =VLOOKUP(B4,Заявки!$A$1:$B$247,2,0) -> Зайцев | G4: =VLOOKUP(C4,Оценки!$A$1:$B$247,2,0) -> 3
A5: 42850.505 | B5: 1114 | C5: 89111111114 | D5: 42853.505 | E5: Решено | F5: =VLOOKUP(B5,Заявки!$A$1:$B$247,2,0) -> Лисицин | G5: =VLOOKUP(C5,Оценки!$A$1:$B$247,2,0) -> 4
A6: 42850.543 | B6: 1115 | C6: 89111111115 | D6: 42853.543 | E6: Решено | F6: =VLOOKUP(B6,Заявки!$A$1:$B$247,2,0) -> Волков | G6: =VLOOKUP(C6,Оценки!$A$1:$B$247,2,0) -> 4
A7: 42850.397 | B7: 1116 | C7: 89111111116 | D7: 42853.397 | E7: Решено | F7: =VLOOKUP(B7,Заявки!$A$1:$B$247,2,0) -> Рысьев | G7: =VLOOKUP(C7,Оценки!$A$1:$B$247,2,0) -> 6
A8: 42850.551 | B8: 1117 | C8: 89111111117 | D8: 42853.551 | E8: Решено | F8: =VLOOKUP(B8,Заявки!$A$1:$B$247,2,0) -> Иванов | G8: =VLOOKUP(C8,Оценки!$A$1:$B$247,2,0) -> 5
A9: 42850.562 | B9: 1118 | C9: 89111111118 | D9: 42880.562 | E9: Решено | F9: =VLOOKUP(B9,Заявки!$A$1:$B$247,2,0) -> Петров | G9: =VLOOKUP(C9,Оценки!$A$1:$B$247,2,0) -> 4
A10: 42850.579 | B10: 1119 | C10: 89111111119 | D10: 42880.579 | E10: Решено | F10: =VLOOKUP(B10,Заявки!$A$1:$B$247,2,0) -> Зайцев | G10: =VLOOKUP(C10,Оценки!$A$1:$B$247,2,0) -> 4
A11: 42850.732 | B11: 1120 | C11: 89111111120 | D11: 42880.732 | E11: Решено | F11: =VLOOKUP(B11,Заявки!$A$1:$B$247,2,0) -> Лисицин | G11: =VLOOKUP(C11,Оценки!$A$1:$B$247,2,0) -> 2
A12: 42850.735 | B12: 1121 | C12: 89111111121 | D12: 42880.735 | E12: Решено | F12: =VLOOKUP(B12,Заявки!$A$1:$B$247,2,0) -> Волков | G12: =VLOOKUP(C12,Оценки!$A$1:$B$247,2,0) -> 5
A13: 42850.738 | B13: 1122 | C13: 89111111122 | D13: 42880.738 | E13: Решено | F13: =VLOOKUP(B13,Заявки!$A$1:$B$247,2,0) -> Рысьев | G13: =VLOOKUP(C13,Оценки!$A$1:$B$247,2,0) -> 4
... A247: 42850.725 | B247: 1356 | C247: 89111111356 | D247: 42855.725 | E247: Решено | F247: =VLOOKUP(B247,Заявки!$A$1:$B$247,2,0) -> Рысьев | G247: =VLOOKUP(C247,Оценки!$A$1:$B$247,2,0) -> 5

Sheet Заявки
A1: id заявки | B1: Ответственный
A2: 1356 | B2: Рысьев
A3: 1355 | B3: Волков
A4: 1354 | B4: Лисицин
A5: 1353 | B5: Зайцев
A6: 1352 | B6: Петров
A7: 1351 | B7: Иванов
A8: 1350 | B8: Рысьев
A9: 1349 | B9: Волков
A10: 1348 | B10: Лисицин
A11: 1347 | B11: Зайцев
A12: 1346 | B12: Петров
A13: 1345 | B13: Иванов
... A247: 1111 | B247: Иванов

Sheet Оценки
A1: Телефон клиента | B1: Оценка
A2: 89111111351 | B2: 4
A3: 89111111345 | B3: 4
A4: 89111111339 | B4: 3
A5: 89111111333 | B5: 5
A6: 89111111327 | B6: 4
A7: 89111111321 | B7: 5
A8: 89111111315 | B8: 4
A9: 89111111309 | B9: 6
A10: 89111111303 | B10: 5
A11: 89111111297 | B11: 4
A12: 89111111291 | B12: 5
A13: 89111111285 | B13: 2
... A247: 89111111112 | B247: 5
